"","neighbourhood","2016-01-01p","2016-01-01l","2016-02-01p","2016-02-01l","2016-03-01p","2016-03-01l","2016-04-01p","2016-04-01l","2016-05-01p","2016-05-01l","2016-06-01p","2016-06-01l","2016-07-01p","2016-07-01l","2016-08-01p","2016-08-01l","2016-09-01p","2016-09-01l","2016-10-01p","2016-10-01l","2016-11-01p","2016-11-01l","2016-12-01p","2016-12-01l","2017-01-01p","2017-01-01l","2017-02-01p","2017-02-01l","2017-03-01p","2017-03-01l","2017-04-01p","2017-04-01l","2017-05-01p","2017-05-01l","2017-06-01p","2017-06-01l","2017-07-01p","2017-07-01l","2017-08-01p","2017-08-01l","2017-09-01p","2017-09-01l","2017-10-01p","2017-10-01l","2017-11-01p","2017-11-01l","2017-12-01p","2017-12-01l","Boro","AreaType","2016-01","2016-02","2016-03","2016-04","2016-05","2016-06","2016-07","2016-08","2016-09","2016-10","2016-11","2016-12","2017-01","2017-02","2017-03","2017-04","2017-05","2017-06","2017-07","2017-08","2017-09","2017-10","2017-11","2017-12","2018-01","2018-02","2018-03"
"1","Astoria",1750,205,1775,158,1800,140,1800,140,1800,141,1800,141,1775,132,1800,132,1800,112,1725,120,1750,115,1800,108,1800,101,1800,97,1800,96,1800,103,1800,100,1825,96,1875,88,1800,87,1850,87,1800,85,1800,87,1800,86,"Queens","neighborhood",2200,2200,2300,2300,2300,2350,2300,2377.5,2350,2297.5,2295,2275,2250,2200,2200,2200,2200,2250,2300,2300,2250,2190,2200,2195,2150,2123,2105.5
"2","Bath Beach",1680,2,2000,1,1699.75,10.5,1699.75,10.5,1700,10,1675,10,1700,11,1748,10,1724,11,1700,9,1750,9,1900,9,1800,9.5,1826.25,8.5,1800,9,1800,9,1850,9,1812.5,10,1875,9,1819,9,1837.5,8,1800,8,1842.5,8,1821.25,8.5,"Brooklyn","neighborhood",1745,1950,2025,2175,2250,2050,2097.5,2000,2200,2150,1900,1900,2150,1950,1850,1950,1975,2000,1975,1950,1825,1895,1800,1700,1800,1925,1949.5
"3","Battery Park City",4625,22,4900,16,4900,14,4900,14,5100,10,4800,12,4849.5,18,4849.5,16,4849.5,14,4849.5,14,4899,11,4899,11,4849.5,8,4899,7,4899,7,5900,7,5399.5,8,6350,6,5900,7,5000,5,5900,5,5350,4,4800,3,5350,4,"Manhattan","neighborhood",4605.5,4600,4595,4800,4612.5,4650,4650,4800,4800,4250,4050,4025,4175,3995,3910,3972.5,4337.5,4385,4507.5,4350,4465,4695,3860,3950,4292.5,4100,4050
"4","Bay Ridge",1725,38,1750,33,1575,26,1575,26,1575,26,1575,24,1550,23,1500,25,1525,26,1525,28,1470,23,1550,23,1470,23,1510,20,1625,24,1625,24,1510,18,1510,20,1510,20,1470,17,1470,17,1625,20,1550,21,1460,16,"Brooklyn","neighborhood",1900,2000,2000,2000,2037.5,2100,2000,2100,2000,2050,2100,2150,2000,2000,1950,1975,2000,2000,2000,1895,1895,1900,1837.5,1850,2000,1975,1900
"5","Bayside",1500,5,1100,7,1600,7,1600,7,1550,6,1600,8,1425,6,1425,6,1425,6,1425,6,1350,7,2900,4,4300,3,3300,4,2300,3,2300,3,3300,4,3300,4,3300,4,3300,4,3300,4,3300,4,3300,4,3300,4,"Queens","neighborhood",2300,2350,2400,2400,2350,2375,2350,2225,2350,2250,2250,2450,2450,2549,2500,2450,2400,2400,2400,2362.5,2425,2450,2375,2210,2500,2400,2450
"6","Bedford-Stuyvesant",1900,772,2000,651,2000,582,2000,582,2000,575,2000,615,2000,609,2000,585,2000,569,2000,574,2000,542,2000,531,2000,510,2000,511,2000,486,2000,488,2000,478,2000,445,2000,437,2000,447,2000,426,2050,420,2000,436,2000,437,"Brooklyn","neighborhood",2350,2349,2350,2400,2450,2475,2499,2495,2450,2450,2400,2400,2400,2350,2345,2390,2400,2489.5,2450,2475,2450,2400,2400,2350,2350,2300,2395
"7","Bellerose",3000,1,2425,2,3000,1,3000,1,3000,1,3000,1,3000,1,3000,1,2450,2,2450,2,2450,2,2450,2,2450,2,2450,2,2450,2,2450,2,2450,2,2450,2,2450,2,2450,2,3000,1,2450,2,2450,2,2450,2,"Queens","neighborhood",2100,2050,2100,2150,2197.5,2162.5,2195,2197.5,2200,2150,2100,2200,2200,2167.5,2150,2050,2050,2100,2195,2198.75,2123.75,2087,2098.75,2100,2100,2100,2105.5
"8","Belmont",1300,4,1200,3,1300,2,1300,2,1300,2,1300,2,1300,2,1300,2,1300,2,1300,2,1300,2,1300,2,1300,2,1300,2,1800,9,1800,9,1300,2,1300,2,1300,2,1300,2,1200,1,1200,1,1842.5,8,1821.25,8.5,"Bronx","neighborhood",1600,2050,1400,1475,1435,1550,1625,1700,1700,1700,1650,1775,1660,1670,1700,1675,1690,1699.5,1725,1750,1775,1750,1700,1612.5,1625,1625,1637.5
"9","Bensonhurst",1499,21,1499.5,16,1500,13,1500,13,1500,13,1675,8,1850,7,1500,7,1400,9,1400,9,1450,8,1450,8,1850,5,1850,7,1850,5,1850,5,1920,4,1920,4,2340,3,2292.5,4,2340,3,2340,3,1850,5,1850,5,"Brooklyn","neighborhood",1685,1700,1750,1747.5,1800,1850,1800,1900,2099.5,2099,1875,1725,2000,1895,1800,1800,1700,1800,1700,1900,1737.5,1750,1712.5,1767.5,1700,1772.5,1800
"10","Bergen Beach",1600,3,1600,3,399,5,399,5,399,5,1900,1,399,5,399,5,1750,2,399,5,399,5,1600,1,399,3,1175,2,1600,1,1600,1,1600,1,1600,1,1600,1,1600,1,1600,1,1600,1,1600,1,1600,1,"Brooklyn","neighborhood",2100,2050,2100,2150,2197.5,2162.5,2195,2197.5,2200,2000,2000,2200,2200,2075,2000,2000,2050,2100,2195,2299,2123.75,2087,2150,2100,2100,2100,2105.5
"11","Boerum Hill",3075,50,3000,36,3087.5,28,3087.5,28,3075,26,3000,29,3162.5,26,3150,25,3200,23,3544,19,3359.5,18,3087.5,18,3500,19,3687.5,16,3359.5,16,3359.5,16,3175,17,3522,16,3544,15,3522,16,3544,15,3522,16,3522,16,3544,15,"Brooklyn","neighborhood",2800,2900,3066,3400,3500,3300,3200,3000,2925,2800,2841,2900,2925,3092,2995,2995,3102,3025,3200,3250,3300,3200,3000,3187.5,3016.5,3033,3000
"12","Borough Park",1000,27,999,28,943.5,26,943.5,26,943.5,24,999.5,30,999,30,999,31,999,29,888,30,888,29,1410,14,1400,15,1300,13,1360,10,1420,9,1485,10,1400,13,1485,10,1485,10,1485,10,1420,9,1360,8,1360,10,"Brooklyn","neighborhood",1595,1650,1700,1750,1750,1900,1900,1800,2088,1862.5,1800,2025,2000,1995,1750,1800,1700,1750,1725,1795,1800,1900,1800,1650,1670,1637.5,1772.5
"13","Briarwood",1300,8,1300,8,1500,7,1500,7,1100,5,1200,7,1200,6,1029,5,1029,5,1264.5,6,1264.5,6,1029,5,1029,5,1029,5,1029,5,1029,5,1029,5,1029,5,1029,5,1029,5,1029,5,1029,5,1029,5,1029,5,"Queens","neighborhood",1700,1737.5,1725,1775,1800,1712.5,1750,1685,1665,1695,1685,1695,1650,1700,1700,1710,1700,1700,1700,1750,1700,1799,1849,1799,1772.5,1725,1800
"14","Brighton Beach",1500,15,1500,11,1575,10,1575,10,1500,8,1500,10,1500,11,1500,9,2100,6,2200,5,2100,6,2000,5,2000,5,2000,3,2100,4,2100,4,2000,3,2000,3,2000,3,2000,3,2750,2,3500,1,3500,1,3500,1,"Brooklyn","neighborhood",1875,1950,1950,1949.5,1875,1875,1862.5,1900,1900,2000,2100,2300,2200,2100,2200,2150,2100,2100,2250,2100,2050,2075,2097.5,2050,2037.5,2045,2082
"15","Brooklyn Heights",2990,32,2990,22,2980,21,2980,21,2990,20,3000,21,3000,17,2940,12,2940,14,2800,12,2700,11,2700,11,2900,13,2840,10,2900,11,2900,11,2980,11,2990,12,2980,9,2990,10,3000,12,2940,10,2980,9,3000,11,"Brooklyn","neighborhood",3065,3300,3200,3000,3160,3150,3100,3180,3300,3200,3195,3400,3451,3375,3200,3195,3000,3100,3050,2995,2999.5,3100,3000,3150,3200,3055,2997.5
"16","Brownsville",1500,16,1500,15,1500,12,1500,12,1500,11,1500,10,1500,11,1500,10,1500,11,1500,8,1500,6,1400,8,1400,8,1500,6,1500,6,1400,4,1300,5,1075,6,1300,7,1150,7,1225,6,1300,7,1400,6,1400,6,"Brooklyn","neighborhood",1600,1600,1607.5,1600,1500,1650,1650,1650,1695,1650,1650,1700,1750,1750,1697.5,1800,1750,1800,1800,1700,1700,1795,1775,1697.5,1699.5,1750,1800
"17","Bushwick",1500,516,1550,410,1500,335,1500,335,1500,317,1500,329,1500,307,1500,297,1525,284,1550,264,1500,259,1600,245,1600,246,1550,251,1550,232,1599.5,228,1600,225,1600,220,1550,193,1555,210,1525,198,1500,203,1500,194,1500,194,"Brooklyn","neighborhood",2500,2650,2600,2595,2625,2654,2615,2600,2600,2500,2500,2484,2450,2450,2499,2550,2599,2600,2650,2650,2600,2500,2485,2450,2450,2480,2499
"18","Cambria Heights",1900,2,1900,2,1700,1,1700,1,1700,1,1700,1,1700,1,1700,1,1700,1,1700,1,1700,1,1700,1,1480,2,1260,3,1480,2,1480,2,1480,2,1480,2,1480,2,1480,2,1480,2,1480,2,1480,2,1480,2,"Queens","neighborhood",2100,2050,2100,2150,2197.5,2162.5,2195,2197.5,2200,2150,2100,2200,2200,2167.5,2150,2050,2050,2100,2195,2198.75,2123.75,2087,2098.75,2100,2100,2100,2105.5
"19","Canarsie",1262.5,26,1337.5,26,1262.5,24,1262.5,24,1250,25,1200,23,1250,25,1262.5,24,1250,23,1225,24,1200,23,1262.5,20,1225,22,1250,21,1225,22,1225,22,1225,22,1225,22,1225,22,1262.5,20,1250,21,1250,21,1225,22,1225,22,"Brooklyn","neighborhood",1800,1800,1800,1799,1862.5,1800,1812.5,1800,1900,1837.5,1800,1862.5,2200,1850,1750,2150,2100,2100,2100,1825,1900,1850,1900,2075,2197,2100,2000
"20","Carroll Gardens",3000,52,3000,35,3000,26,3000,26,3000,29,3000,30,3000,29,3000,27,3000,27,2925,26,3000,22,3000,23,3000,25,3100,22,3100,22,3000,23,3000,23,3000,21,3000,22,3200,21,3200,21,2900,20,3000,20,3000,20,"Brooklyn","neighborhood",2995,2887.5,2950,2995,3150,3000,3200,3000,3000,3100,3000,2900,2999.5,2800,2800,2800,2837.5,2800,2900,2900,2800,2947.5,2895,2850,2800,2900,2800
"21","Chelsea",4497,256,4500,191,4500,155,4500,155,4500,154,4449,147,4289.5,144,4280,133,4240,124,4200,125,4200,117,4240,120,4449,109,4200,101,4400,105,4280,95,4289.5,90,4150,88,4100,90,4026.5,88,4100,79,4100,77,4190,80,4200,82,"Manhattan","neighborhood",3895,3895,3915,3995,4125,4195,4097.5,4000,4000,4000,3995,3937,3895,3950,3950,3950,3975,3900,3900,3800,3845,3950,3975,3940,3950,4000,4000
"22","Chinatown",2725,112,2500,80,2650,82,2650,82,2650,74,2449.5,66,2449.5,74,2373,63,2500,58,2500,63,2600,60,2500,61,2500,59,2500,51,2500,51,2525,52,2625,48,2525,46,2625,46,2747.5,48,2700,41,2747.5,44,2625,44,2700,41,"Manhattan","neighborhood",2650,2650,2650,2900,2800,2800,2800,2825,2895,2922.5,2950,3000,2840,2800,2700,2875,3000,2800,2895,2600,2600,2647.5,2700,2800,2635,2700,2665
"23","City Island",1800,5,1700,5,1700,5,1700,5,1450,4,1450,4,1450,4,1450,4,1450,4,1200,3,1200,3,1100,2,1100,2,1100,2,1100,2,1100,2,1200,1,1200,1,1200,1,1200,1,1200,1,1200,1,1575,2,1450,2,"Bronx","neighborhood",2100,2050,2100,2150,2197.5,2162.5,2195,2197.5,2200,2150,2100,2200,2200,2167.5,2150,2050,2050,2100,2195,2198.75,2123.75,2087,2098.75,2100,2100,2100,2105.5
"24","Civic Center",6649.5,4,8019,2,4649.5,2,4649.5,2,4649.5,2,3350,4,2350,4,4000,3,4999.5,2,4999.5,2,2700,3,4999.5,2,2700,3,3300,4,2700,3,2700,3,7299,1,7299,1,7299,1,7299,1,7299,1,7299,1,7299,1,7299,1,"Manhattan","neighborhood",2100,2050,2100,2150,2197.5,2162.5,2195,2197.5,2200,2150,2100,2200,2200,2167.5,2150,2050,2050,2100,2195,2198.75,2123.75,2087,2098.75,2100,2100,2100,2105.5
"25","Clinton Hill",2349.5,160,2400,129,2400,114,2400,114,2400,106,2300,106,2400,113,2400,109,2400,106,2400,101,2300,89,2400,106,2350,100,2400,86,2400,85,2400,87,2500,81,2500,76,2500,79,2500,73,2500,67,2500,72,2520,69,2500,68,"Brooklyn","neighborhood",2699,2700,2679,2650,2700,2700,2700,2700,2750,2755,2750,2600,2600,2650,2600,2600,2700,2700,2699.5,2600,2585,2762.5,2700,2730,2699.5,2600,2657
"26","Co-op City",1330,2,1304.5,2,1304.5,2,1304.5,2,1304.5,2,1304.5,2,1304.5,2,1304.5,2,1699,1,1699,1,1699,1,1699,1,1699,1,1699,1,1699,1,1699,1,1699,1,1699,1,1699,1,1699,1,1699,1,1699,1,1699,1,1699,1,"Bronx","neighborhood",2100,2050,2100,2150,2197.5,2162.5,2195,2197.5,2200,2150,2100,2200,2200,2167.5,2150,2050,2050,2100,2195,2198.75,2123.75,2087,2098.75,2100,2100,2100,2105.5
"27","Cobble Hill",3550,26,3600,19,3600,19,3600,19,3600,19,3528,17,3500,19,3528,17,3514,16,3514,14,3514,12,3300,14,3500,14,3528,11,3514,12,3514,12,3514,12,3500,11,3514,10,3500,9,3500,9,3514,10,3500,9,3100,7,"Brooklyn","neighborhood",3210,3125,3150,3175,3250,3250,3100,3250,3050,3150,2997.5,2845,2750,2815,2728,2650,3000,2995,3000,3300,3200,3200,3100,2975,3063,2925,2950
"28","College Point",5625,2,9900,1,9900,1,9900,1,9900,1,9900,1,9900,1,9900,1,9900,1,9900,1,9900,1,9900,1,9900,1,9900,1,9900,1,9900,1,9900,1,9900,1,9900,1,9900,1,9900,1,9900,1,9900,1,9900,1,"Queens","neighborhood",2100,2050,2100,2150,2197.5,2162.5,2195,2197.5,2200,2150,2100,2200,2200,2167.5,2150,2050,2050,2200,2200,2198.75,2123.75,2087,2098.75,2100,2100,2100,2105.5
"29","Concourse",1425,8,1350,9,1425,8,1425,8,1300,7,1325,10,1500,9,1350,9,1425,8,1350,9,1350,9,1350,9,1350,9,2499.5,4,1350,7,1350,7,1325,6,1325,6,1425,6,1500,5,1425,6,1425,6,1425,6,1425,6,"Bronx","neighborhood",1500,1500,1495,1550,1487.5,1599.5,1650,1600,1650,1600,1525,1550,1520,1497.5,1674,1675,1600,1550,1558,1650,1722,1795,1650,1600,1595,1850,1700
"30","Coney Island",2100,2,2100,2,2100,2,2100,2,2100,2,2100,2,2100,2,2100,2,2100,2,2100,2,2100,2,2100,2,2100,2,2100,2,2100,2,2100,2,2100,2,2100,2,2100,2,2100,2,3200,1,3200,1,3200,1,3200,1,"Brooklyn","neighborhood",2200,2077.5,2150,2125,2100,1971,2131,2200,2200,2200,2197.5,2200,2325,2325,2150,2199.5,2100,2099.5,2099.5,1900,2150,2200,2195,2195,2075,2197.5,2074.5
"31","Corona",1200,15,1300,13,1200,17,1200,17,1200,17,1275,14,1275,14,1325,14,1275,14,1350,13,1300,13,1250,12,1250,12,1250,12,1250,12,1250,12,1250,12,1250,10,1200,9,1200,11,1050,6,1175,8,1175,8,1150,8,"Queens","neighborhood",1695,1850,1710,1782.5,1785,1770,1712.5,1937.5,1947.5,1982.5,1892.5,1850,1850,1765,1802.5,1842.5,1890,1887.5,1975,1825,1785,1820,1905,1950,1885,1827.5,1805
"32","Country Club",2500,1,2500,1,2500,1,2500,1,2500,1,1675,10,1700,11,1748,10,1724,11,1700,9,1750,9,1900,9,1800,9.5,1826.25,8.5,1800,9,1800,9,1850,9,1812.5,10,1875,9,1819,9,1837.5,8,1800,8,1842.5,8,1821.25,8.5,"Bronx","neighborhood",2100,2050,2100,2150,2197.5,2162.5,2195,2197.5,2200,2150,2100,2200,2200,2167.5,2150,2050,2050,2100,2195,2198.75,2123.75,2087,2098.75,2100,2100,2100,2105.5
"33","Crown Heights",1800,413,1800,349,1800,298,1800,298,1900,269,1800,270,1800,275,1820,273,1850,257,1845,238,1800,233,1800,229,1800,217,1822.5,226,1799,220,1800,209,1750,197,1800,193,1822.5,188,1800,188,1800,180,1800,169,1825,173,1800,178,"Brooklyn","neighborhood",2300,2350,2400,2400,2400,2450,2495,2499,2432.5,2400,2300,2294.5,2290,2300,2300,2300,2300,2399,2450,2499,2450,2400,2385,2350,2300,2300,2399
"34","Douglaston",1640,14.5,1762.5,11.5,1699.75,10.5,1699.75,10.5,1700,10,800,1,1700,11,1748,10,1724,11,1700,9,1750,9,1900,9,1800,9.5,1826.25,8.5,1800,9,1800,9,1850,9,1812.5,10,1875,9,1819,9,1837.5,8,1800,8,1842.5,8,1821.25,8.5,"Queens","neighborhood",2100,2050,2100,2150,2197.5,2162.5,2195,2197.5,2200,2150,2100,2200,2200,2167.5,2150,2050,2050,2100,2400,2198.75,2123.75,2087,2098.75,2100,2100,2100,2105.5
"35","Downtown Brooklyn",2583.5,26,2583.5,18,2500,16,2500,16,3000,14,3000,12,3000,14,2975,12,3500,13,2450,12,2450,12,2450,13,2450,13,2450,10,2450,10,2450,9,2450,9,2450,10,2450,10,2450,11,2450,11,3600,6,3600,6,3750,4,"Brooklyn","neighborhood",3117.5,3102.5,3151,3160.5,3135,3166.5,3177,3156,3080,3095,3115.5,3056.5,3063,3142,3055,3142.5,3121,3129,3195,3230,3195,3197.5,3095,3150,3190,3280,3392
"36","DUMBO",4250,12,4250,8,2750,6,2750,6,2700,5,2700,4,3650,6,3650,6,3650,4,5300,2,5300,2,2750,4,2750,4,2700,3,4900,4,2700,4,2700,4,2800,5,2800,5,2800,5,2800,5,2800,5,2800,5,2800,5,"Brooklyn","neighborhood",4250,4074,4100,4250,4850,4700,4800,4370,4213,4500,4650,4354,4410,4750,4558.5,4450,4472.5,4364.5,4500,4187.5,4437.5,4292,4500,4380.5,4154,4110.5,4163
"37","Dyker Heights",1050,6,1000,7,1000,5,1000,5,1000,5,1600,3,1500,5,1350,4,1600,3,1600,3,1600,3,1600,3,1775,4,1775,4,1775,4,1775,4,1775,4,1775,4,1950,3,1950,3,1950,3,1950,3,1950,3,1950,3,"Brooklyn","neighborhood",1925,2100,1972.5,2175,1950,1995,2200,2200,2300,2200,2200,2200,2197.5,2200,2197.5,2100,1999,1925,1950,1850,2049.5,1995,2192.5,2100,2197.5,1997.5,1995
"38","East Elmhurst",1435,30,1250,26,1250,23,1250,23,1550,18,1600,17,1652,15,1500,17,1500,17,1500,17,1550,18,1500,17,1650,16,1500,19,1650,16,1830,12,1500,16,1800,13,1500,15,1790,15,1500,13,1500,13,1375,12,1650,14,"Queens","neighborhood",2100,2050,2100,2150,2197.5,2162.5,2195,2197.5,2200,2150,2100,2200,2200,2167.5,2150,2050,2050,2100,2195,2198.75,2123.75,2087,2098.75,2100,2100,2100,2105.5
"39","East Flatbush",1474.5,82,1350,70,1500,60,1500,60,1500,61,1525,64,1575,59,1575,59,1550,61,1500,58,1500,52,1500,51,1500,50,1500,47,1500,51,1500,54,1500,48,1500,45,1500,48,1500,51,1562.5,44,1562.5,44,1575,43,1525,48,"Brooklyn","neighborhood",1800,1895,1849,1847.5,1800,1850,1850,1900,1900,1999.5,1972.5,1850,1850,2000,2000,2000,1999,1999,2050,2100,2000,1925,1949,1997,2050,2050,2095
"40","East Harlem",2100,271,2100,240,2000,211,2000,211,2000,199,2150,206,2100,209,2100,197,2037,189,2000,190,2000,178,2000,172,2000,164,2000,158,2000,149,2000,149,1985,144,2000,146,2000,143,2000,132,2000,125,2000,124,1960,124,2000,129,"Manhattan","neighborhood",2281,2292,2300,2379,2444,2450,2463,2400,2350,2350,2400,2400,2400,2370,2374,2353,2395,2450,2450,2400,2375,2375,2300,2395,2300,2345,2350
"41","East New York",1425,35,1425,37,1350,35,1350,35,1437.5,36,1437.5,38,1412.5,36,1225,31,1237.5,32,1250,29,1400,25,1375,32,1450,27,1450,29,1500,27,1462.5,24,1900,23,1662.5,22,1900,23,1900,23,1900,23,1650,25,1650,25,1425,25,"Brooklyn","neighborhood",1725,1950,1900,1900,1850,1875,2100,2150,2000,1875,2000,2000,1975,1950,2000,2000,2099.5,2000,2050,2050,1972.5,1850,1887.5,1997.5,2000,2100,2150
"42","East Village",3400,533,3500,425,3600,348,3600,348,3696,312,3600,300,3620,302,3600,295,3550,267,3525,254,3800,236,3800,239,3775,240,3699,211,3775,206,3725,194,3800,192,3900,189,3900,191,3800,191,3900,170,3900,167,3900,161,3850,166,"Manhattan","neighborhood",3150,3097,3200,3250,3300,3300,3299,3225,3150,3100,3100,3000,3000,3195,3195,3361,3350,3295,3277,3200,3000,3020,2900,2941.5,2995,3062.5,3050
"43","Eastchester",1850,6,2000,5,1700,3,1700,3,1700,5,1700,5,1700,6,1700,6,1700,6,1700,6,1700,5,1700,5,1700,5,1700,5,1700,5,1700,5,1700,6,1700,6,1700,6,1700,7,1700,7,1700,7,1700,7,1700,7,"Bronx","neighborhood",2100,2050,2100,2150,2197.5,2162.5,2195,2197.5,2200,2150,2100,2200,2200,2167.5,2150,2050,2050,2100,2195,2198.75,2123.75,2087,2098.75,2100,2100,2100,2105.5
"44","Edenwald",1595,1,1595,1,1699.75,10.5,1699.75,10.5,2197.5,2,3038,2,3038,2,3038,2,3038,2,3038,2,3038,2,3038,2,3276,1,3276,1,1800,9,1800,9,1850,9,1812.5,10,1875,9,1819,9,1837.5,8,1800,8,1842.5,8,1821.25,8.5,"Bronx","neighborhood",2100,2050,2100,2150,2197.5,2162.5,2195,2197.5,2200,2150,2100,2200,2200,2167.5,2150,2050,2050,2100,2195,2198.75,2123.75,2087,2098.75,2100,2100,2100,2105.5
"45","Elmhurst",1257.5,38,1215,36,1237,32,1237,32,1215,29,1387,24,1400,19,1399.5,22,1400,23,1400,21,1399.5,24,1400,23,1400,23,1400,21,1399,21,1375,19,1375,19,1399,17,1399.5,18,1399.5,16,1400,15,1399.5,18,1399.5,18,1400,19,"Queens","neighborhood",1750,1885,1850,1950,1850,2000,1987,1830,1895,1825,1825,1995,1949,2099,2000,2000,2100,2092.5,2100,2000,1997.5,1899,1899,1900,1950,1935,1935
"46","Financial District",4000,101,4050,76,3724.5,70,3724.5,70,4550,64,4300,58,3649.5,56,4000,49,4100,41,4500,41,4700,34,4699.5,38,4200,41,4000,35,4641,35,3925,40,4600,31,4600,29,3750,29,4299,33,4750,30,4000,35,3500,35,4000,31,"Manhattan","neighborhood",3500,3527.5,3550,3595,3600,3660,3700,3625.5,3665,3646.5,3500,3484,3450,3479.5,3591,3613,3650,3660,3785,3750,3700,3645,3644,3662,3600,3750,3645
"47","Flatbush",1500,167,1500,141,1500,123,1500,123,1500,122,1500,112,1500,125,1500,110,1597.5,106,1550,113,1525,110,1600,93,1500,91,1600,91,1600,88,1600,86,1537.5,84,1587.5,84,1625,78,1500,77,1600,69,1650,67,1625,70,1625,74,"Brooklyn","neighborhood",1850,1850,1850,1900,1895,1938,1900,1900,1900,1900,1900,1897,1895,1900,1900,1950,1950,2000,2100,2095,2000,2099,1998.5,1950,2000,2000,1999
"48","Flatlands",1987.5,18,1500,20,1737.5,16,1737.5,16,1737.5,16,1500,13,1750,12,1750,12,1750,14,1500,13,1500,13,1750,12,1750,12,1987.5,12,1750,12,1750,12,1750,12,1750,12,1750,12,1500,16,1500,16,1500,14,1500,14,1400,11,"Brooklyn","neighborhood",2100,2050,2100,2150,2197.5,2162.5,2195,2197.5,2200,1800,2100,2200,2200,2167.5,2150,2050,2050,2100,2195,2198.75,2123.75,2087,2100,2100,1850,2100,2105.5
"49","Flushing",1500,48,1500,52,1500,49,1500,49,1500,41,1500,41,1500,41,1500,45,1500,46,1500,42,1500,40,1500,38,1500,40,1500,34,1500,35,1500,35,1500,37,1500,36,1500,34,1500,37,1500,38,1464,28,1500,27,1500,27,"Queens","neighborhood",1800,1999.5,2100,2100,2200,2175,1862.5,1900,2097.5,2200,2100,2162.5,2200,2200,1970,2000,1992.5,2150,2250,2200,1950,2000,2000,1899.5,1962.5,1900,1800
"50","Fordham",1350,8,1300,5,1300,5,1300,5,1300,5,1250,3,1325,4,1250,3,1525,2,1525,2,1700,1,1450,2,1450,2,1550,2,1700,1,1700,1,1700,1,1750,2,1750,2,1750,2,1700,1,1750,2,1750,2,1700,1,"Bronx","neighborhood",1450,1350,1400,1462.5,1550,1550,1550,1550,1550,1500,1525,1460,1450,1625,1825,1700,1782.5,1782.5,1857.5,1825,1862.5,1812.5,1777.5,1777.5,1870,1717.5,1895
"51","Forest Hills",1900,34,1900,31,1750,19,1750,19,1750,19,1845,20,1900,19,1960,17,1960,17,1875,16,1875,14,1960,13,1700,13,1830,10,1700,9,1960,11,1960,11,1960,11,2330,12,2330,12,2330,12,2330,12,1960,13,1700,13,"Queens","neighborhood",2200,2195,2100,2150,2175,2150,2195,2197.5,2197.5,2150,2149,2150,2100,2100,2000,2000,1995,2100,2125,2125,2100,2100,2100,2050,1995,2000,2100
"52","Fort Greene",2800,129,2925,102,3025,94,3025,94,3000,98,3150,92,3196,94,3050,87,3100,81,3200,79,3196,70,3200,70,3200,67,3121,70,3400,61,3400,63,3350,62,3400,63,3250,62,3200,57,3200,53,3200,57,3200,55,3121,52,"Brooklyn","neighborhood",2700,2700,2797,2700,2800,2899,2900,3000,2900,2800,2785,2720,2780,2800,2857.5,3000,2900,2950,2900,2875,2832.5,2732.5,2700,2738,2725,2700,2700
"53","Fresh Meadows",1499,4,1499,4,1499,4,1499,4,1499,4,1599,3,1599,3,1599,3,1599,3,1599,3,4174.5,4,4174.5,4,4174.5,4,4174.5,4,6750,3,4074.5,4,6750,3,6750,3,6750,3,4074.5,2,4074.5,2,4074.5,2,6750,3,4074.5,2,"Queens","neighborhood",2100,2050,2100,2150,2197.5,2162.5,2195,2197.5,2200,2150,2100,2200,2200,2150,2150,2050,2000,2750,2900,2198.75,2123.75,2087,2098.75,2100,2100,2100,2105.5
"54","Gerritsen Beach",2700,1,2650,2,2700,1,2700,1,2700,1,2700,1,2700,1,2700,1,2700,1,2700,1,2700,1,2700,1,2700,1,2700,1,2700,1,2700,1,2700,1,2700,1,1875,9,1819,9,1837.5,8,1800,8,1842.5,8,1821.25,8.5,"Brooklyn","neighborhood",2100,2050,2100,2150,2197.5,2162.5,2195,2197.5,2200,2150,2100,2200,2200,2167.5,2150,2050,2050,2100,2195,2198.75,2123.75,2087,2098.75,2100,2100,2100,2105.5
"55","Glendale",1000,2,1000,2,1000,2,1000,2,1000,2,1000,3,1050,2,1050,2,1050,2,1050,2,1050,2,1900,9,1800,9.5,1400,3,1800,9,1800,9,1850,9,1812.5,10,1875,9,1819,9,1837.5,8,1800,8,1842.5,8,1821.25,8.5,"Queens","neighborhood",1877.5,1875,1862.5,1875,1999,1999,1875,1937,2000,1900,1975,2000,2185,2200,2000,1999,2000,1999.5,2000,1950,1900,1995,1925,1900,1997.5,2000,2000
"56","Gowanus",3500,49,3800,37,3737.5,36,3737.5,36,3960,34,3400,33,3350,30,3300,31,3300,29,3350,28,3300,29,3255,30,3255,30,3400,29,3255,28,3210,29,3255,28,3205,26,3300,25,3255,24,3255,24,3255,26,3350,24,3300,25,"Brooklyn","neighborhood",3400,3395,3100,3200,3230.5,3000,3000,3277,3000,3000,3046,3000,3050,3000,2800,2760,2900,2900,2845,3000,3000,2798,2755,2695,2737.5,2750,2600
"57","Gravesend",1577.5,12,1577.5,12,1577.5,8,1577.5,8,1580,7,1575,9,1575,9,1687.5,8,1575,9,1687.5,8,1575,7,1900,6,1800,7,2000,7,2000,7,2000,7,1900,8,1900,8,1800,7,1800,7,1800,7,1800,7,1900,6,1900,6,"Brooklyn","neighborhood",1774.5,1725,1787,1850,1925,1985,1695,1762.5,1800,1825,1895,1772.5,1800,1895,1800,1800,1750,1800,1800,1712.5,1800,1762.5,1875,1735,1697.5,1725,1750
"58","Greenpoint",2259,228,2299,163,2200,139,2200,139,2200,124,2200,130,2200,128,2200,136,2200,127,2252.5,118,2252.5,118,2200,119,2200,117,1950,99,2000,99,2200,84,1900,89,1900,86,2100,82,2100,88,2200,87,1900,79,2255,81,2299,83,"Brooklyn","neighborhood",2725,2700,2750,2800,2800,2800,2850,2905,2895,2875,2850,2800,2800,2800,2750,2767.5,2799,2900,2950,2800,2850,2749,2699,2598.5,2600,2600,2744
"59","Greenwich Village",4000,94,4200,77,4350,56,4350,56,4500,54,4900,45,5000,52,5000,48,5000,46,4750,42,4800,39,4700,42,4500,45,4100,39,4500,32,4850,28,4900,31,5000,28,4900,29,5000,29,4500,30,5000,30,5000,29,5000,32,"Manhattan","neighborhood",4072.5,3900,3995,3900,3787.5,3825,3800,3875,3950,3900,3800,3800,3850,3875,3875,3800,3725,3590,3590,3500,3600,3600,3595,3595,3595,3895,3572.5
"60","Highbridge",2050,2,2050,2,3200,1,3200,1,3200,1,2050,2,1300,2,900,5,815,3,900,1,1750,9,1900,9,900,1,900,1,900,1,900,1,900,1,1812.5,10,1875,9,1819,9,900,1,900,1,1842.5,8,1821.25,8.5,"Bronx","neighborhood",1900,1900,2100,1650,1650,1700,1700,1700,1637.5,1699,1600,1549,1650,1650,1650,1587.5,1625,1687.5,1800,1750,2030,1820,1790,1790,1885,1970,1800
"61","Hollis",1375,4,2000,3,1375,2,1375,2,1375,2,1375,2,1375,2,1375,2,1375,2,2000,3,2000,3,2000,3,1375,2,750,3,1375,2,1375,2,2000,3,2000,3,2000,3,2000,3,2000,3,2000,3,2000,3,2000,3,"Queens","neighborhood",2100,2050,2100,2150,2197.5,2162.5,2195,2197.5,2200,2150,2100,2200,2200,2167.5,2150,2050,2050,2100,2195,2198.75,2123.75,2087,2098.75,2100,2100,2100,2105.5
"62","Howard Beach",4032,1,4032,1,4032,1,4032,1,4032,1,4032,1,4032,1,4032,1,4032,1,4032,1,3128.5,2,3128.5,2,3128.5,2,2800,3,3128.5,2,3128.5,2,3128.5,2,2225,1,2225,1,2225,1,2225,1,1800,8,1842.5,8,1821.25,8.5,"Queens","neighborhood",2100,2050,2100,2150,2197.5,2162.5,2195,2197.5,2200,2150,2100,2200,2200,2167.5,2150,2050,2050,2200,1950,2198.75,2123.75,1725,2098.75,2100,2100,2100,1800
"63","Hunts Point",800,2,850,1,850,1,850,1,850,1,940,2,910,3,900,3,820,3,820,3,870,1,870,1,1800,9.5,870,1,870,1,870,1,870,1,870,1,845,2,835,4,835,4,835,4,835,4,835,4,"Bronx","neighborhood",2100,2050,2100,2150,2197.5,2162.5,2195,2197.5,2200,2150,2100,2200,2200,2167.5,2150,2050,2050,2100,1650,2198.75,2123.75,2087,2098.75,2100,2100,2100,2105.5
"64","Inwood",1600,59,1701,51,1699.5,40,1699.5,40,1699.5,40,1600,39,1525,34,1649.5,34,1600,33,1700,33,1701,29,1850,29,1850,29,1800,29,1850,27,1825,26,1850,23,1825,26,1950,21,1850,23,1825,24,1725.5,26,1775,24,1750,25,"Manhattan","neighborhood",1901,1791,1842,1950,1972.5,1850,1850,1800,1800,1785,1797.5,1790,1750,1800,1850,1875,1878,1829,1850,1850,1840,1850,1750,1795,1850,1850,1924.5
"65","Jackson Heights",1259.5,60,1350,53,1425,46,1425,46,1350,51,1280,45,1500,43,1500,42,1500,37,1500,35,1500,31,1500,30,1525,24,1525,22,1525,20,1525,20,1500,21,1500,23,1525,20,1500,23,1550,19,1500,21,1500,21,1500,22,"Queens","neighborhood",1850,1887.5,1800,1800,1800,1834,1900,1900,1895,1925,1950,1965,1950,1875,1900,1900,1950,1895,1850,1900,1900,1900,1982,1950,1900,1950,1900
"66","Jamaica",1000,15,975,16,950,15,950,15,975,16,975,16,1050,15,1176,17,1193,18,1256,16,1193,18,1176,17,1130,14,1025,16,1025,14,1050,13,1500,14,1355,16,1256,16,1256,18,1256,18,1256,18,1025,18,1025,14,"Queens","neighborhood",1994.5,1994,1972,2150,2197.5,2162.5,2195,2105,1875,1956,1902,1950,1855,1950,2010,2010,1992.5,2383,2725,2198.75,2123.75,1860,1828,1828,1995,1995,1995
"67","Jamaica Estates",7950,3,12000,1,1699.75,10.5,1699.75,10.5,1700,10,1675,10,12000,1,1748,10,12000,1,1700,9,7950,1,9975,2,9975,2,9975,2,9975,2,7950,1,12000,1,12000,1,12000,1,12000,1,12000,1,12000,1,12000,1,12000,1,"Queens","neighborhood",1612.5,1675,1595,1525,1612,1700,1700,1700,1700,1699,1724.5,1825,2222.5,1650,1650,1795,1550,1600,1795,2198.75,2123.75,1995,1995,1825,1800,1697.5,1800
"68","Jamaica Hills",1300,1,1300,1,1300,1,1300,1,1700,10,1675,10,1700,11,1748,10,1724,11,1700,9,1750,9,1900,9,1800,9.5,1826.25,8.5,1800,9,1800,9,1850,9,1812.5,10,1875,9,1819,9,1837.5,8,1800,8,1842.5,8,1821.25,8.5,"Queens","neighborhood",2100,2050,2100,2150,2197.5,2162.5,2195,2197.5,2200,2150,2100,2200,1650,2167.5,2150,1925,2000,2100,2250,2198.75,2123.75,2087,2098.75,2100,2100,2100,2105.5
"69","Kensington",1302,33,1300,30,1325,24,1325,24,1300,21,1300,26,1325,26,1300,25,1300,23,1300,24,1300,23,1300,19,1300,16,1300,15,1500,19,1500,17,1300,17,1400,14,1300,16,1300,16,1400,18,1500,19,1500,20,1500,23,"Brooklyn","neighborhood",2100,2025,2000,2100,2049.5,2000,2100,2182.5,2100,2150,2100,2100,2100,1995,1897,1900,1900,1999.5,2099,2050,2000,2050,2000,2000,2100,2100,2100
"70","Kew Gardens",1475,2,3725,2,1450,1,1450,1,1450,1,1447,3,1447,3,1748,10,1724,11,1450,1,1450,1,1450,1,1450,1,1450,1,1450,1,1450,1,1450,1,1450,1,1450,1,1450,1,1450,1,1450,1,1450,1,1450,1,"Queens","neighborhood",2100,1825,1832.5,1950,1975,1995,2000,2010,1850,1950,1950,2000,2000,1999,1999,2000,1850,1850,1850,1975,1950,2000,2000,2000,2000,1850,1950
"71","Kew Gardens Hills",1696,3,1696,3,1748,2,1748,2,1748,2,1748,2,1748,2,1748,2,1748,2,1748,2,1748,2,1748,2,1748,2,1748,2,1748,2,1800,1,1800,1,1800,1,1800,1,1800,1,1800,1,1748,2,1842.5,8,1821.25,8.5,"Queens","neighborhood",1925,1875,1912.5,1954.5,1831,1853,1950,2050,2045,2013,2000,2006.5,1975,1975,1975,1950,1925,1875,1810.5,1975,1975,1985,1962.5,1850,1901.5,1874.5,1874.5
"72","Kingsbridge",1220,17,1224.5,14,1300,11,1300,11,1200,9,1250,10,1300,11,1400,9,1300,9,1300,9,1300,9,1214.5,8,1350,6,1264.5,6,1400,5,1500,6,1264.5,6,1400,5,1364.5,4,1364.5,4,1364.5,4,1600,5,1364.5,4,1364.5,4,"Bronx","neighborhood",1750,1700,1750,1762.5,1800,1800,1925,2017,2000,2017,2017,2050,2105,1950,1972.5,1800,1997.5,1800,1774.5,1750,1775,1800,1775,1750,1674.5,1750,1887.5
"73","Laurelton",2100,3,2100,3,2100,3,2100,3,2100,3,2100,3,2100,2,2100,3,2100,3,2100,3,2100,3,2100,3,2100,3,2550,4,2100,3,2100,3,2100,3,2100,3,2100,3,2100,3,2100,3,2100,3,2100,2,2100,3,"Queens","neighborhood",2100,2050,2100,2150,2197.5,2162.5,2195,2197.5,2200,2150,2100,2200,2200,2167.5,2150,2050,2050,2100,2195,2198.75,2123.75,2087,2098.75,2100,2100,2100,2105.5
"74","Little Italy",2750,32,3300,25,2400,21,2400,21,2400,19,2500,22,2450,24,2300,20,2075,17,2750,16,2750,16,2500,15,3100,14,2900,17,3100,14,3255,11,3227.5,10,3227.5,10,3227.5,10,3227.5,8,3200,9,3495,9,3250,10,2700,10,"Manhattan","neighborhood",3600,3250,2800,2837.5,3485,3297.5,3500,3500,3325,3000,3000,3200,3125,3175,3175,3000,2799.5,2950,2900,3090,3060,2695,2750,2637.5,2600,2600,3250
"75","Little Neck",1640,14.5,1762.5,11.5,1699.75,10.5,1699.75,10.5,1700,10,3000,1,3000,1,3000,1,3000,1,3000,1,1750,9,1900,9,1800,9.5,1826.25,8.5,1800,9,1800,9,1850,9,1812.5,10,1875,9,1819,9,1837.5,8,1800,8,1842.5,8,1821.25,8.5,"Queens","neighborhood",2100,2050,2100,2150,2197.5,2162.5,2195,2197.5,2200,2150,2100,2200,2200,2167.5,2150,2050,2050,2600,2550,2198.75,2123.75,2087,2098.75,2100,2100,2100,2105.5
"76","Long Island City",1999,121,2200,111,1975,84,1975,84,1975,76,1950,83,2000,77,2000,78,2000,71,2000,71,2000,63,2284,54,2184,52,2300,52,2268,55,2134,50,2268,51,2200,53,2300,48,2300,46,2300,47,2250,42,2300,44,2284,42,"Queens","neighborhood",2995,3000,3110,3100,3150,3157.5,3150,3100,3035,2984,2960,2995,3027.5,3000,2977.5,2991.5,2964,3000,3069,3100,3000,2904,2829,2850,2826.5,2895,2950
"77","Longwood",1386,9,1386,9,1750,6,1750,6,2000,6,1875,4,2525,4,1500,5,1500,3,1500,3,1875,4,1875,4,1500,5,1799.5,6,1201.5,4,1201.5,4,1500,5,1500,5,1576.5,4,1576.5,4,1576.5,4,1451.5,6,1451.5,6,1451.5,4,"Bronx","neighborhood",2100,2050,2100,2150,2197.5,2162.5,2195,2197.5,2200,2150,2100,2200,2200,2167.5,1800,1575,2050,2100,2195,2198.75,2123.75,2087,2098.75,2100,2100,2100,2105.5
"78","Lower East Side",3150,284,3200,219,3200,200,3200,200,3200,185,3150,170,3300,168,3275,162,3200,148,3200,149,3083.5,138,3200,129,3080,119,3087,119,3080,115,3093.5,114,3200,114,3225,110,3200,104,3275,100,3275,86,3200,89,3275,78,3200,84,"Manhattan","neighborhood",3000,3000,2995,3100,3200,3345,3296.5,3300,3300,3097.5,3100,2950,2895,3100,3000,3035,3200,3195,3200,3199,3100,3000,2995,2950,2995,2950,3075
"79","Manhattan Beach",1640,14.5,3375,2,3300,2,3300,2,5500,1,1675,10,5500,1,5500,1,5500,1,5500,1,5500,1,5500,1,5500,1,3850,2,5500,1,5500,1,5500,1,5500,1,5500,1,5500,1,5500,1,5500,1,5500,1,5500,1,"Brooklyn","neighborhood",2100,2050,2100,2150,4100,2162.5,2195,2197.5,2200,2150,2100,2200,2200,2500,2150,2050,2050,2100,2195,2198.75,2123.75,2087,2098.75,2100,2100,2100,2105.5
"80","Marble Hill",2100,2,1900,1,2100,1,2100,1,2100,1,2100,1,2100,1,2100,1,2100,1,1700,9,1750,9,1900,9,1800,9.5,1826.25,8.5,1800,9,1800,9,1850,9,1812.5,10,1875,9,1819,9,1837.5,8,1800,8,1842.5,8,1821.25,8.5,"Manhattan","neighborhood",2100,2050,2100,2150,2197.5,2162.5,2195,2197.5,2200,2150,2100,2200,2200,2167.5,2150,2050,2050,2100,2200,2235,2123.75,2087,2098.75,2100,2100,2310,2105.5
"81","Maspeth",1399.5,16,1199.5,10,1100,9,1100,9,1100,10,1299,13,1199.5,12,1299,11,1299,11,1299,11,1299,11,1399.5,10,1399.5,10,1450,13,1374.5,12,1299,11,1299,11,1199.5,10,1299,11,1450,11,1374.5,10,1500,13,1475,12,1475,14,"Queens","neighborhood",1950,1825,2100,2100,2100,2200,2195,2200,2200,2100,2095,2097.5,2200,2500,2295,2000,2099,2100,2050,2200,2045,2100,2070,2150,2100,2045,2174.5
"82","Melrose",1200,1,1200,1,1800,2,1800,2,1800,2,1200,3,1800,2,1200,1,1200,1,1800,2,1800,2,1800,2,1800,2,1800,2,1800,2,1800,2,1800,2,1800,2,1200,1,1200,1,1800,2,1200,1,1200,1,1200,1,"Bronx","neighborhood",2100,2050,2100,2150,2197.5,2162.5,2195,2197.5,2200,2150,2100,2200,2200,2167.5,2150,1712.5,1925,1982,2000,2198.75,2123.75,2087,1833,2100,2100,2100,2105.5
"83","Middle Village",1800,9,1800,9,1850,8,1850,8,1900,7,1900,7,1900,7,1900,7,2037.5,6,2037.5,6,2175,5,2037.5,6,2175,5,2175,5,2175,5,2175,5,2175,5,2175,5,2037.5,6,1900,5,2037.5,6,2037.5,6,2037.5,6,2037.5,6,"Queens","neighborhood",1775,1810,1925,1800,1850,2162.5,2000,1899,2000,2000,2050,2000,2100,2075,2150,2150,2025,2150,2000,1995,2200,2200,1772.5,1750,2000,1950,2000
"84","Midtown",4497,194,4500,148,4000,124,4000,124,4000,113,4250,109,4000,106,4000,96,4000,89,4250,87,4000,77,3980,69,4000,71,4000,79,3750,67,3750,69,3625,62,4000,57,4000,61,4190,56,4120,55,4400,54,4255,60,4280,60,"Manhattan","neighborhood",4063.5,4300,4010,4000,4095,4200,4021,3995,3960,3900,3900,3995,4000,4000,4000,4000,4200,4200,4200,3850,4000,3954.5,3900,4000,3950,3997.5,3965
"85","Midwood",1500,23,1400,23,1375,18,1375,18,1400,16,1400,13,1375,20,1375,14,1400,16,1500,14,1600,16,1400,11,1400,10,1400,8,1400,10,1400,10,1400,9,1400,10,1400,8,1400,9,1400,8,1400,7,1400,6,1400,4,"Brooklyn","neighborhood",1750,1800,1850,1850,1897.5,1932.5,1850,1812.5,1850,1700,1750,1772.5,1800,1750,1825,1800,1799,1800,1835,1735,1850,1787,1825,1750,1795,1750,1725
"86","Mill Basin",400,1,315,1,350,1,350,1,350,1,1200,1,350,1,350,1,1724,11,350,1,350,1,1900,9,1800,9.5,1826.25,8.5,1800,9,1800,9,1850,9,1812.5,10,1875,9,1819,9,1837.5,8,1800,8,1842.5,8,1821.25,8.5,"Brooklyn","neighborhood",2100,2050,2100,2150,2197.5,2162.5,2195,2197.5,2200,2150,2100,2200,2200,2167.5,2150,2050,2050,2100,2195,2198.75,2123.75,2087,2098.75,2100,2100,2100,2105.5
"87","Morningside Heights",2000,62,1875,40,2200,39,2200,39,2000,39,1950,35,1700,33,1800,31,1875,28,1675,30,1750,30,1900,27,1800,25,1900,21,1795,21,1795,19,1875,20,1650,19,1725,20,1800,17,1725,16,1800,19,1650,21,1650,19,"Manhattan","neighborhood",2950,3200,3280,3300,3254,3300,3375,3350,3300,3315,3295,3229,3291.5,3200,3195,3245,3250,3130,3200,3220,3000,2891.5,2887,2979,2916.5,2979,2995
"88","Morris Heights",1050,4,1050,4,900,3,900,3,1050,4,1050,4,1050,4,1050,4,1050,4,1050,4,1200,3,1050,4,1050,4,1200,3,1050,4,1050,4,1050,4,900,3,1050,4,1050,4,1050,4,900,3,900,3,900,3,"Bronx","neighborhood",1700,1600,1545,1545,2000,2162.5,2195,1525,1495,1525,1600,1600,2200,1600,1797.5,1495,1495,1650,1550,1700,1675,1675,1675,2100,2100,2100,2105.5
"89","Morris Park",800,1,1762.5,11.5,1699.75,10.5,1699.75,10.5,1700,10,1675,10,1700,11,1748,10,1724,11,1700,9,1750,9,1900,9,1800,9.5,1826.25,8.5,1800,9,1800,9,1850,9,1812.5,10,1875,9,1819,9,1837.5,8,1800,8,1842.5,8,1821.25,8.5,"Bronx","neighborhood",2100,2050,2100,2150,2197.5,2162.5,2195,2197.5,2200,2150,2100,2200,2200,2167.5,2150,2050,1750,1750,2195,2198.75,2123.75,2087,2098.75,2100,1550,2100,2105.5
"90","Morrisania",1250,1,1000,1,1000,1,1000,1,1700,10,1675,10,1700,11,1748,10,1724,11,1700,9,1750,9,1900,9,1800,9.5,1826.25,8.5,1800,9,1800,9,1850,9,1812.5,10,1875,9,1819,9,1837.5,8,1800,8,1842.5,8,1821.25,8.5,"Bronx","neighborhood",2100,2050,2100,2150,2197.5,2162.5,2195,2197.5,1850,1700,2100,2200,2200,2167.5,2150,2050,2050,2100,2195,2198.75,2123.75,2087,2098.75,2100,1950,2100,2105.5
"91","Mott Haven",1100,13,1349.5,8,1114,8,1114,8,1349.5,6,1029,9,1149.5,8,1324.5,8,1349.5,8,1349.5,8,1350,8,1200,7,1350,6,1200,7,1500,5,1500,5,1350,4,1500,3,1500,3,1500,4,1500,4,1500,4,1500,3,1500,4,"Bronx","neighborhood",2100,2050,2200,1850,1800,1912.5,1947.5,1900,1900,1900,2366.5,2366.5,2200,1800,2117.5,1950,1950,1950,1950,1972.5,1892.5,1925,2155,2155,2177.5,2200,2200
"92","Nolita",4100,60,4250,49,4325,48,4325,48,4200,49,4687.5,50,4487.5,54,4250,51,4850,46,4575,37,4800,31,4575,35,4487.5,32,4400,31,4900,30,4575,31,4575,27,4575,27,4412.5,26,4687.5,24,4687.5,24,4575,23,4250,25,4250,27,"Manhattan","neighborhood",3500,3547.5,3525,3950,3795,3750,3695,3695,3825,3700,3800,3797.5,3600,3995,3600,3795,3678.5,3695,3795,3795,3625,3445,3495,3500,3500,3495,3500
"93","Norwood",1325,6,1350,8,1175,8,1175,8,1200,9,1175,8,1175,8,1300,10,1200,11,1175,10,1300,8,1300,8,1300,8,1175,6,1300,8,1300,8,1300,8,1300,8,1500,5,1450,6,1500,5,1500,5,1500,5,1325,6,"Bronx","neighborhood",1350,1350,1425,1497.5,1425,1399.5,1425,1400,1495,1500,1500,1462.5,1475,1500,1475,1495,1485,1485,1500,1550,1550,1675,1695,1500,1690,1622.5,1499.5
"94","Ozone Park",1600,5,2500,5,1650,5,1650,5,1650,5,1650,5,1650,7,1819,6,1650,7,1650,7,1650,7,1650,7,1650,7,1645,6,1650,7,1476,8,1476,8,1476,8,1650,7,1819,6,1988,5,1988,5,1988,5,1988,5,"Queens","neighborhood",2100,2050,2100,2150,2197.5,2162.5,2195,2197.5,2200,2150,2100,2200,2200,2167.5,2150,2050,2050,2100,2195,2198.75,2123.75,2087,2098.75,2100,2100,2100,2105.5
"95","Park Slope",2500,131,2550,104,2500,97,2500,97,2500,97,2500,97,2500,93,2500,91,2500,83,2600,78,2500,75,2600,72,2500,73,2600,69,2700,75,2737.5,68,2700,72,2700,72,2700,64,2650,68,2700,64,2737.5,64,2700,64,2550,68,"Brooklyn","neighborhood",2850,2800,2800,2850,2895,2900,2900,2900,2900,2800,2800,2800,2795,2750,2700,2700,2797,2800,2800,2800,2900,2800,2800,2800,2800,2750,2700
"96","Parkchester",995,4,1350,4,899.5,4,899.5,4,875,3,924,3,924,5,875,5,875,3,1200,1,875,5,1325,2,1062,4,924,3,1325,2,1325,2,1450,1,1325,2,1325,2,1450,1,1450,1,1325,2,1325,2,1325,2,"Bronx","neighborhood",1620,2050,2100,2150,2197.5,2162.5,1500,1840,1615,1558,1558,1550,1558,1680,1625,1846,1680,1602.5,1602.5,1595,1607.5,1450,1395,1395,1399,1425,1430
"97","Pelham Bay",1332.5,4,1332.5,4,1625,2,1625,2,1600,3,1600,1,1600,1,1250,2,1625,2,1625,2,1625,2,1625,2,1625,2,1625,2,1625,2,1625,2,1625,2,1625,2,1625,2,1600,3,1600,3,1600,3,1625,2,1625,2,"Bronx","neighborhood",2100,2050,2100,2150,2197.5,2162.5,2195,2197.5,2200,1500,1500,1500,1412.5,1375,2150,2050,1395,1550,1562.5,1625,1700,1625,2098.75,1500,2100,2100,2105.5
"98","Pelham Gardens",1000,2,1000,2,1000,2,1000,2,1000,2,1000,3,1000,3,1000,3,1000,3,1000,3,1000,3,1000,3,1000,3,1000,3,850,1,925,2,850,1,1375,2,1375,2,1375,2,1375,2,1375,2,1375,2,1375,2,"Bronx","neighborhood",2100,1899,2100,2150,2197.5,2162.5,2195,2197.5,2200,2150,2100,2200,2200,2167.5,2150,2050,2050,2100,2195,1750,2123.75,2087,1800,2100,2100,2100,2105.5
"99","Port Morris",1975,8,1700,4,1250,3,1250,3,1124.5,2,999,1,999,1,1124.5,2,1124.5,2,999,1,999,1,999,1,999,1,1124.5,2,1124.5,2,999,1,999,1,999,1,999,1,999,1,999,1,999,1,999,1,999,1,"Bronx","neighborhood",2100,2050,2100,2150,2197.5,2162.5,2195,2197.5,2200,2150,2100,2200,2200,2167.5,2150,2050,2050,2100,2195,2198.75,2123.75,2087,2098.75,2100,2100,2100,2105.5
"100","Prospect Heights",2400,98,2400,65,2500,59,2500,59,2400,71,2600,59,2600,62,2750,58,2800,55,2750,48,2650,50,2550,50,2600,52,2500,50,2600,49,2600,50,2550,44,2600,45,2500,45,2550,50,2650,46,2750,44,2750,44,2600,45,"Brooklyn","neighborhood",2699.5,2775,2897.5,2850,2850,2850,2800,2800,2985,2975,2700,2650,2700,2800,2800,2850,2955.5,2966,2950,2900,2900,2800,2800,2800,2800,3000,2949
"101","Queens Village",2100,4,2250,4,2150,4,2150,4,2300,3,2150,4,2000,5,2150,4,2000,5,2000,5,2000,5,2150,4,2150,4,2150,4,2150,4,2150,4,2150,4,2300,5,2300,5,2300,5,2300,5,2300,5,2300,5,2300,5,"Queens","neighborhood",2100,2050,2100,2150,2197.5,2162.5,2195,2197.5,2200,1850,2100,2200,2200,2167.5,2150,2050,2050,2100,2195,2198.75,2123.75,2087,2098.75,2100,2100,1800,2105.5
"102","Red Hook",2500,21,2941,16,2941,14,2941,14,2991,12,2991,12,3000,11,3000,11,2900,9,2941,8,2900,7,2900,7,2325,10,2900,11,2900,11,2700,12,2700,12,2900,11,2900,11,2700,10,2900,9,2700,8,2900,7,2500,9,"Brooklyn","neighborhood",3000,3150,2950,3000,2874.5,2672.5,2950,3000,2999,2697.5,2647.5,2375,2475,2500,2850,2699,2599.5,2699,2650,2800,2799.5,2850,2875,2850,2800,2800,2825
"103","Rego Park",1550,8,1600,7,1600,5,1600,5,1600,4,1600,6,1600,6,1700,7,1700,5,1600,4,2350,4,2350,4,1700,5,1700,5,2350,4,1650,6,1700,5,1700,5,3000,5,2350,4,2350,4,1650,6,1700,5,2350,4,"Queens","neighborhood",2150,2200,2100,2100,2150,2150,2225,2300,2325,2300,2300,2375,2200,2185,2152.5,2127,2075,2175,2195,2300,2200,2225,2000,2000,2000,2025,2035
"104","Richmond Hill",1525,10,1525,8,1675,8,1675,8,1675,8,1550,7,1550,7,1550,7,1550,7,1550,7,1525,6,1525,6,1675,4,1650,5,1800,3,1550,5,1386.5,6,1185.5,6,1223,5,1520,4,1235,6,1231.5,6,1511.5,4,1223,5,"Queens","neighborhood",2100,2050,2100,2150,2197.5,2162.5,2195,2197.5,2200,2150,2100,2200,2200,2167.5,2150,2050,2050,1650,1700,2198.75,2123.75,2087,2098.75,2100,2100,2100,2105.5
"105","Ridgewood",1500,75,1500,61,1425,54,1425,54,1375,56,1400,47,1400,44,1350,43,1350,39,1400,37,1400,35,1450,34,1500,35,1500,36,1500,38,1325,28,1300,29,1297.5,28,1350,25,1350,29,1500,25,1450,26,1500,25,1500,24,"Queens","neighborhood",2299.5,2500,2400,2500,2600,2500,2500,2450,2500,2350,2362.5,2399.5,2471.5,2499,2500,2499,2500,2600,2600,2550,2400,2300,2250,2385,2387,2450,2485
"106","Riverdale",1470,3,3485,2,1385,4,1385,4,1385,4,3485,2,3485,2,3485,2,1470,3,1470,3,5500,1,5500,1,5500,1,3900,3,3900,1,1800,9,1850,9,1812.5,10,1875,9,1819,9,1837.5,8,1800,8,1842.5,8,1821.25,8.5,"Bronx","neighborhood",1955,1860,2000,2000,2257.5,2150,2200,2300,2300,2050,2100,2050,1995,1959,1950,2100,2000,2100,2200,2197.5,2147.5,2000,2000,2000,2172.5,2200,2295
"107","Roosevelt Island",2050,11,2100,10,2150,7,2150,7,2175,6,2100,10,2175,8,2150,9,2050,5,2150,7,2100,6,2100,6,2100,6,2150,5,2150,5,2100,6,2050,5,2050,5,2050,5,2100,6,2050,5,2050,5,2050,5,2050,5,"Manhattan","neighborhood",3160,3495,3607,3022.5,3655,3495,3390,3198,3330,3123,3145.5,3385.5,3182,3252.5,2915,3325,3277.5,3332.5,3285,3005,2785,2905,2900,2915,3080.5,3265,3245
"108","Rosedale",2000,1,2500,2,3000,1,3000,1,2250,2,2250,4,1918,5,3000,3,3000,3,3000,3,3000,3,3000,3,3000,3,2459,2,3000,3,3000,3,3500,2,3500,2,3000,1,2250,2,3000,1,3000,1,3000,1,3000,1,"Queens","neighborhood",2100,2050,2100,2150,2197.5,2162.5,2195,2197.5,2200,2150,2100,2200,2200,2167.5,2150,2050,2050,2100,2195,2198.75,2123.75,2087,2098.75,2100,2100,2100,2105.5
"109","Sheepshead Bay",1525,24,1845,20,1845,14,1845,14,1845,14,2000,21,2000,19,2100,17,2050,18,1845,14,1845,16,1945,18,1945,18,2000,15,1945,16,1945,16,2000,13,2000,13,1695,10,1695,10,1500,9,1500,9,1500,9,1500,9,"Brooklyn","neighborhood",1750,1850,1800,1850,1900,1825,1800,1750,1775,1792.5,1795,1790,1850,1950,1950,1950,1900,1850,1800,1900,1850,1712.5,1849.5,1997.5,1912.5,1890,1800
"110","Soundview",770,1,770,1,770,1,770,1,770,1,770,1,770,1,770,1,770,1,770,1,770,1,770,1,770,1,1826.25,8.5,770,1,770,1,770,1,770,1,770,1,770,1,770,1,770,1,785,2,785,2,"Bronx","neighborhood",1700,1550,1765,2150,2197.5,2162.5,1606,1600,1587.5,1579.5,1584,1675,1700,1800,1650,1675,1700,1750,1700,1875,1675,1687.5,2098.75,2100,2100,1687.5,1650
"111","South Ozone Park",2000,3,1900,2,2000,3,2000,3,2000,3,2000,3,2000,3,2000,3,2000,3,2000,3,2000,3,1900,2,1900,2,1900,2,1900,2,2000,1,2000,1,3499,2,3499,2,3499,2,3499,2,3499,2,3499,2,3499,2,"Queens","neighborhood",2100,2050,2100,2150,2197.5,2162.5,2195,2197.5,2200,2150,2100,2200,2200,2167.5,2150,2050,2050,2100,2195,2198.75,2123.75,2087,2098.75,2100,2100,2100,2105.5
"112","Springfield Gardens",2750,5,2750,5,2750,5,2750,5,2875,4,2750,5,2750,5,2750,5,2750,5,2750,5,2750,5,2750,5,2750,5,2750,5,2750,5,2750,5,2750,5,2750,5,2750,5,2750,5,2750,5,2750,5,2750,5,2750,5,"Queens","neighborhood",2100,2050,2100,2150,2197.5,2162.5,2195,2197.5,2200,2150,2100,2200,2200,2167.5,2150,2050,2050,2100,2195,2198.75,2123.75,2087,2098.75,2100,2100,2100,2105.5
"113","St. Albans",1339.5,14,1500,17,1500,15,1500,15,1575,14,1575,16,1650,15,1775,14,1650,15,1575,16,1575,16,1650,15,1775,14,1650,13,1650,13,1775,12,1775,12,1775,12,1500,7,1500,8,1500,8,1500,9,1575,10,1650,11,"Queens","neighborhood",2100,2050,2100,2150,2197.5,2162.5,2195,2197.5,2200,2150,2100,2200,2200,2167.5,2150,2050,2050,2100,2195,2198.75,2123.75,2087,2098.75,2100,2100,2100,2105.5
"114","Sunnyside",1750,58,1700,53,1550,50,1550,50,1492.5,46,1606.5,44,1575,45,1830,34,1569,40,1719,40,1719,36,1638,35,1638,35,1719,38,1566.5,34,1647.5,34,1719,34,1719,32,1719,30,1719,32,1638,33,1825,34,1917.5,34,1850,33,"Queens","neighborhood",2050,2000,2000,2000,1975,1962.5,1975,2025,2050,2017.5,2000,2000,2000,1950,1950,1950,2000,2000,2000,2000,1975,2000,1995,2000,1967.5,1950,2000
"115","Sunset Park",1400,68,1400,58,1400,53,1400,53,1400,51,1530,57,1455,62,1450,61,1460,57,1460,57,1600,57,1600,46,1640,42,1600,49,1700,41,1680,38,1700,36,1700,39,1680,39,1640,38,1600,29,1600,30,1600,34,1680,33,"Brooklyn","neighborhood",2000,1997.5,1995,2000,2000,2200,2000,2000,2000,2000,2000,1960,1960,1950,2000,2000,2025,2050,2195,2025,2050,2000,2000,2000,1999,2000,1995
"116","Throgs Neck",1640,14.5,1762.5,11.5,1699.75,10.5,1699.75,10.5,1700,10,1675,10,1700,11,1748,10,1724,11,2000,1,2000,1,2000,1,1800,9.5,1826.25,8.5,1800,9,1800,9,1850,9,1812.5,10,1875,9,1819,9,1837.5,8,1800,8,1842.5,8,1821.25,8.5,"Bronx","neighborhood",1900,2050,2100,2150,2197.5,1545,2195,2197.5,2200,2150,1800,2200,2200,2167.5,2150,2050,1750,2000,1950,2198.75,2150,1950,1850,1800,2100,1875,1850
"117","Tremont",1250,2,1250,2,1250,2,1250,2,1000,1,1350,2,1000,1,1000,1,1000,1,1000,1,1000,1,1000,1,1000,1,1826.25,8.5,1000,1,1000,1,1000,1,1000,1,1000,1,1000,1,1000,1,1000,1,1000,1,1000,1,"Bronx","neighborhood",1597.5,1572.5,1425,1485,1497.5,1675,1675,1699,1567.5,1550,1547,1350,1350,1350,1375,1525,1625,1600,1750,1725,1724.5,1700,1700,1600,1700,1800,1800
"118","Tribeca",5500,41,5200,29,4780,17,4780,17,4890,20,5200,19,5100,20,5000,21,4780,19,5550,16,5000,17,4780,15,4640,16,5340,18,4640,16,4640,16,4800,13,4540,16,4540,16,4540,16,4780,15,4780,13,5340,14,4140,12,"Manhattan","neighborhood",6095,6441,6500,7100,7893.5,7997,8000,7650,7997,8000,7823.5,8000,7950,7570,7925,7950,7545,7500,8400,6095,5995,5995,5675,6400,6465,6465,6597.5
"119","University Heights",1450,1,1450,1,1125,2,1125,2,1125,2,1450,1,1125,2,1125,2,1125,2,1125,2,1125,2,1125,2,800,1,800,1,800,1,800,1,800,1,800,1,800,1,800,1,800,1,800,1,800,1,800,1,"Bronx","neighborhood",1350,1400,1400,1357.5,1400,1575,1562,1499,1550,1649,1450,1450,1550,1650,1662.5,1675,1495,1550,1500,1625,1597.5,1550,1600,1560,1637.5,1500,1647.5
"120","Upper East Side",3200,426,3225,310,3250,255,3250,255,3250,239,3250,241,3200,229,3200,228,3250,203,3200,198,3200,178,3250,175,3250,165,3255,159,3327.5,148,3327.5,148,3450,147,3494,140,3500,144,3500,132,3500,130,3450,129,3500,123,3500,122,"Manhattan","neighborhood",2995,2970,3000,3000,3000,2995,2975,2940,2950,2950,2975,3000,2970,2995,2950,2950,2950,2950,2925,2900,2995,2950,2995,2990,2929,2900,2850
"121","Upper West Side",3300,423,3350,337,3300,270,3300,270,3250,239,3200,256,3200,259,3200,261,3447,234,3200,231,3099.5,204,3200,209,3250,205,3300,194,3250,187,3250,180,3400,173,3425,174,3350,166,3350,163,3200,156,3200,154,3200,154,3200,156,"Manhattan","neighborhood",3450,3450,3450,3475,3495,3450,3495,3445,3495,3480,3400,3380,3315,3345,3299,3300,3350,3390,3385,3395,3395,3400,3350,3327.5,3350,3290,3250
"122","Van Nest",762.5,2,732.5,2,667.5,2,667.5,2,1700,10,650,3,667.5,2,667.5,2,1724,11,565,1,565,1,607.5,2,565,1,607.5,2,607.5,2,565,1,607.5,2,607.5,2,565,1,565,1,565,1,565,1,1842.5,8,607.5,2,"Bronx","neighborhood",2100,1350,1325,2150,2197.5,2162.5,2195,2197.5,2200,2150,2100,2200,2200,2167.5,2150,2050,2050,2100,2195,2198.75,2123.75,2087,2098.75,2100,2100,2100,2105.5
"123","Wakefield",2955.5,2,2955.5,2,2955.5,2,2955.5,2,2955.5,2,2126,2,2635,1,2635,1,2635,1,2635,1,2635,1,2635,1,2635,1,1617,3,1742.5,2,2635,1,2635,1,2635,1,2635,1,2635,1,2635,1,1842.5,2,1842.5,2,1842.5,2,"Bronx","neighborhood",1450,1450,1450,1450,1450,1450,1450,1450,1450,1450,1395,1375,1425,1500,1700,1575,1450,1475,1475,2198.75,2123.75,1500,2098.75,2100,2100,2100,2105.5
"124","Washington Heights",1500,282,1500,218,1600,187,1600,187,1595.5,184,1595.5,190,1500,199,1500,186,1500,174,1600,155,1500,158,1500,151,1500,152,1500,151,1500,138,1500,149,1500,143,1500,137,1500,136,1500,124,1525,114,1619,116,1619,120,1600,127,"Manhattan","neighborhood",2100,2100,2195,2195,2195,2150,2175,2195,2150,2195,2195,2245,2250,2150,2150,2195,2195,2195,2250,2200,2100,2185,2100,2100,2133.5,2125,2150
"125","West Village",4200,201,4500,154,4500,139,4500,139,4500,123,4500,120,4500,124,4250,113,4405,99,4092.5,96,4033,91,4092.5,90,4092.5,88,4042.5,72,4092.5,82,4200,85,4200,75,4200,79,4250,75,4200,71,4200,70,4085,73,4200,71,4200,69,"Manhattan","neighborhood",3800,3800,3850,3895,3900,3970,3950,3895,3750,3695,3587.5,3565,3585,3600,3600,3695,3800,3800,3850,3800,3695,3595,3495,3500,3625,3725,3772.5
"126","Williamsbridge",1300,7,1525,8,1344,9,1344,9,1322,10,1300,10,1300,9,1300,6,1300,9,1300,9,1300,9,1300,9,1300,9,1300,9,1300,9,1300,9,1300,9,1300,9,1300,9,1300,9,1300,9,1300,9,1300,9,1300,9,"Bronx","neighborhood",2100,2050,2100,2150,2197.5,2162.5,2195,2197.5,2200,2150,2100,2200,2200,2250,2175,1500,1950,1897.5,2195,2198.75,2123.75,2087,2098.75,2100,2100,2100,2105.5
"127","Williamsburg",2350,928,2350,739,2294,618,2294,618,2300,558,2200,631,2225,621,2200,626,2250,580,2300,581,2300,552,2300,547,2300,537,2300,505,2375,479,2350,463,2375,437,2400,416,2400,409,2400,427,2387.5,396,2500,384,2500,393,2439,398,"Brooklyn","neighborhood",3276,3200,3117,3100,3199,3195,3195,3200,3149,3155,3100,3070,3000,3000,3029,3100,3150,3195,3147,3150,3100,3000,2965,2900,2902.5,2950,2950
"128","Windsor Terrace",2400,34,2450,27,2400,23,2400,23,2475,22,2475,26,2500,23,2450,27,2500,23,2775,22,2700,23,2700,21,2940,19,2850,13,2940,19,2800,20,2800,20,2750,21,2725,22,2750,21,2700,21,2700,21,2700,21,2725,20,"Brooklyn","neighborhood",2469,2500,2500,2500,2550,2491,2400,2450,2599,2574,2550,2599.5,2500,2500,2400,2500,2650,2750,2600,2522.5,2525,2500,2430.5,2400,2400,2400,2475
"129","Woodhaven",1067,6,1167,4,1167,4,1167,4,1167,4,1134,6,1134,7,1134,5,1134,5,1134,5,1134,5,1134,5,1134,5,1134,5,1134,5,1134,5,1134,5,1134,5,1167,4,1134,5,1134,5,1134,5,1134,5,1134,5,"Queens","neighborhood",1650,1800,2100,2150,2197.5,2162.5,2195,1700,2200,2150,1650,1600,1600,1662.5,1750,1997.5,2100,1750,1700,1800,2000,1997.5,1947.5,2100,2100,2200,2175
"130","Woodlawn",1640,14.5,1762.5,11.5,1050,1,1050,1,1050,1,1050,1,1700,11,1748,10,1724,11,1700,9,1750,9,1900,9,1800,9.5,1826.25,8.5,1800,9,1800,9,1850,9,1812.5,10,1875,9,1819,9,1837.5,8,1800,8,1842.5,8,1821.25,8.5,"Bronx","neighborhood",2100,2050,2100,2150,2197.5,2162.5,2195,2197.5,2200,2150,2100,2200,2200,2167.5,2150,2050,2050,2100,2195,2198.75,2123.75,2087,2098.75,2100,2100,2100,2105.5
"131","Woodside",1200,40,1200,32,1250,31,1250,31,1225,30,1400,29,1462.5,34,1475,33,1475,33,1475,31,1425,32,1499,25,1462.5,26,1527.5,22,1527.5,24,1580,23,1527.5,22,1580,21,1580,23,1580,23,1799.5,20,1799.5,20,1580,19,1799.5,18,"Queens","neighborhood",1900,1800,1775,1737.5,1675,1825,1900,1900,1712.5,1800,1897,2000,1800,1800,1900,1900,1750,2000,2100,2050,2025,2000,1920,1920,1795,1775,1975
